54,Gayler,BMX,56
51,Falito,BMX,60
75,Blayne,BMX,91
57,Kania,BMX,93
52,Hyacinthia,BMX,98
77,Zorine,BMX,103
98,Sancho,BMX,123
92,Keri,BMX,129
88,Spenser,BMX,132
78,Fern,BMX,136
60,Sylvan,BMX,138
76,Becki,BMX,139
100,Violet,BMX,160
68,Jobie,MTB,57
97,Christi,MTB,61
59,Ellerey,MTB,80
62,Avis,MTB,108
93,Richmound,MTB,114
94,Dorree,MTB,126
91,Buiron,MTB,130
79,Kalila,MTB,131
58,Damara,MTB,156
89,Rollins,MTB,162
84,Shea,PASEO,51
82,Lisa,PASEO,51
96,Torie,PASEO,58
85,Laurens,PASEO,58
80,Celle,PASEO,60
72,Henriette,PASEO,64
70,Jenda,PASEO,81
99,Somerset,PASEO,96
71,Lynea,PASEO,96
87,Izabel,PASEO,115
64,Rolph,PASEO,136
74,Karrah,PASEO,156
73,Giorgio,PASEO,163
63,Herrick,PASEO,166
81,Auberta,PLAYERA,55
86,Alla,PLAYERA,56
55,Warren,PLAYERA,57
56,Monique,PLAYERA,83
66,Jimmie,PLAYERA,106
65,Kirbee,PLAYERA,114
69,Lothario,PLAYERA,117
95,Essie,PLAYERA,125
53,Mauricio,PLAYERA,136
67,Buddie,PLAYERA,137
61,Shannon,PLAYERA,138
83,Adams,PLAYERA,139
90,Sol,PLAYERA,146
